epoch,lr,kl_lambda,train_loss,train_acc,train_auc,sel_loss,sel_acc,sel_auc,best
1,0.001,0.0,0.6455439134158166,0.6152416356877324,0.6727335928809788,0.7405204977150317,0.6111111111111112,0.8322288106034181,True
2,0.001,0.0,0.5419978344307513,0.7304832713754646,0.808271146871222,0.9209638204839494,0.6111111111111112,0.7087547959539588,
3,0.001,0.0,0.5074247332310587,0.7639405204460966,0.8299497654336365,0.6240512441705774,0.7037037037037037,0.8179281478897803,True
4,0.001,0.0,0.5105211003562332,0.7360594795539034,0.8290999792143006,0.6230280112337183,0.6944444444444444,0.8650156958493198,True
5,0.001,0.0,0.442367678016535,0.7992565055762082,0.8774919256041875,0.5769452121522691,0.7685185185185185,0.8189745378444366,True
6,0.001,0.0,0.49311494029587527,0.7732342007434945,0.8308970099667775,0.5737116005685594,0.7314814814814815,0.8217649110568539,True
7,0.001,0.0,0.39398285137233235,0.8159851301115242,0.903031561461794,0.6464465437112031,0.7314814814814815,0.8109522148587374,
8,0.001,0.0,0.4122942376978779,0.8252788104089219,0.8902310924369747,0.6603902710808648,0.7222222222222222,0.8611789326822463,
9,0.001,0.0,0.4354224255980169,0.8122676579925651,0.8710751796572693,0.45665882583017703,0.7685185185185185,0.8768747820020928,True
10,0.001,0.0,0.37716239147913055,0.8364312267657993,0.9098302834142495,0.5630020962821113,0.7407407407407407,0.8280432507847925,
11,0.001,0.0,0.4251511070364913,0.8122676579925651,0.887446964357284,0.5120527093057279,0.7407407407407407,0.8859434949424485,
12,0.001,0.0,0.43618413650856586,0.7973977695167286,0.8785528644105286,0.6182847972269412,0.7129629629629629,0.8426927101499826,
13,0.001,0.0,0.3508929244647682,0.8605947955390335,0.9260043453591842,0.545761513489264,0.7407407407407407,0.8465294733170562,
14,0.001,0.0,0.44229990720305745,0.7955390334572491,0.8803780739264611,0.5442099692644896,0.7592592592592593,0.8280432507847925,
15,0.0001,0.0,0.35963373467824716,0.8513011152416357,0.9232653970375321,0.4571900765101115,0.8055555555555556,0.8782699686083013,
16,0.0001,0.0,0.29397283699432714,0.8754646840148699,0.951329604553037,0.44178057268813803,0.8425925925925926,0.886989884897105,True
17,0.0001,0.0,0.36880619907024625,0.8382899628252788,0.9241145545102379,0.4301841899200722,0.8425925925925926,0.8957098011859086,True
18,0.0001,0.0,0.2779355282898729,0.8940520446096655,0.9538804071246818,0.40724334451887345,0.8703703703703703,0.8971049877921173,True
19,0.0001,0.0,0.32535844138342207,0.8643122676579925,0.938295165394402,0.3983392549885644,0.8796296296296297,0.8936170212765958,True
20,0.0001,0.0,0.3081751090221689,0.8754646840148699,0.9421511627906977,0.39432690430570533,0.8611111111111112,0.8939658179281479,True
21,0.0001,0.0,0.33506660013837,0.8661710037174721,0.930149905963049,0.41462307837274337,0.8425925925925926,0.891873038018835,
22,0.0001,0.0,0.3017012932265115,0.8828996282527881,0.940959409594096,0.38791851202646893,0.8796296296296297,0.8960585978374607,True
23,0.0001,0.0,0.3283980506503449,0.8587360594795539,0.9342386520809757,0.388939067169472,0.8703703703703703,0.8971049877921172,
24,0.0001,0.0,0.26109297324290504,0.8996282527881041,0.960033167495854,0.3764037953482734,0.8796296296296297,0.9012905476107429,True
25,0.0001,0.0,0.2970983474117229,0.8754646840148699,0.9462091864969563,0.38990531475455675,0.8703703703703703,0.8960585978374608,
26,0.0001,0.0,0.28547918264750655,0.8754646840148699,0.9531627900548669,0.40332065136344347,0.8703703703703703,0.8897802581095221,
27,0.0001,0.0,0.2502268668001026,0.9052044609665427,0.964653169598407,0.40789030105979357,0.8611111111111112,0.8841995116846878,
28,0.0001,0.0,0.32348455217248,0.8680297397769516,0.9305112152245119,0.4110481087808256,0.8518518518518519,0.8862922915940007,
29,0.0001,0.0,0.2799622420927849,0.8884758364312267,0.9534636222910218,0.3966071848516111,0.8611111111111112,0.8939658179281479,
30,1e-05,0.0,0.2763416455802421,0.8866171003717472,0.9497131005876253,0.3938632916521143,0.8703703703703703,0.8929194279734914,
31,1e-05,0.0,0.3117326774450926,0.8698884758364313,0.9443968376824413,0.3978942213235078,0.8703703703703703,0.8915242413672828,
32,1e-05,0.0,0.24498868398506846,0.8977695167286245,0.9691025215660252,0.39183210885083236,0.8703703703703703,0.8929194279734914,
33,1e-05,0.0,0.30416040299771885,0.8680297397769516,0.9434139729172717,0.3963692144111351,0.8703703703703703,0.8936170212765957,
34,1e-05,0.0,0.27705749570215504,0.8866171003717472,0.9543100567991982,0.396072620594943,0.8611111111111112,0.88943146145797,
35,1e-05,0.0,0.2991778411829782,0.8736059479553904,0.9459597846694621,0.4018336931864421,0.8611111111111112,0.8922218346703872,
36,1.0000000000000002e-06,0.0,0.282905722417796,0.8754646840148699,0.95044590390598,0.4002589064615744,0.8425925925925926,0.8929194279734914,
37,1.0000000000000002e-06,0.0,0.295567788599149,0.8680297397769516,0.9499066970765084,0.3962733602082288,0.8518518518518519,0.8929194279734914,
38,1.0000000000000002e-06,0.0,0.2828629802372376,0.8884758364312267,0.9510087652491797,0.4009426203038957,0.8611111111111112,0.8932682246250436,
39,1.0000000000000002e-06,0.0,0.2764326930600028,0.8810408921933085,0.9542714612346705,0.39519779439325686,0.8611111111111112,0.8953610045343565,
40,1.0000000000000002e-06,0.0,0.26284733835649315,0.8921933085501859,0.9573918211092224,0.39062141599478545,0.8703703703703703,0.8939658179281479,
41,1.0000000000000002e-06,0.0,0.2851132645261332,0.8828996282527881,0.956748726655348,0.3906746495653082,0.8796296296296297,0.8953610045343565,
42,1.0000000000000002e-06,0.0,0.2896078306503012,0.8921933085501859,0.9471616633001324,0.40324117629616346,0.8611111111111112,0.8932682246250436,
43,1.0000000000000002e-06,0.0,0.2416602025244759,0.9014869888475836,0.9675602175602175,0.3972287122850065,0.8518518518518519,0.8929194279734914,
44,1.0000000000000002e-06,0.0,0.25436268630524106,0.8977695167286245,0.9604157452454667,0.3980830863670067,0.8611111111111112,0.8922218346703872,
45,1.0000000000000002e-06,0.0,0.2328600788759033,0.9144981412639405,0.9678859765538597,0.39724164870050216,0.8611111111111112,0.8915242413672829,
46,1.0000000000000002e-06,0.0,0.27641521953738757,0.8828996282527881,0.9536535718736585,0.3988339934084151,0.8611111111111112,0.8936170212765957,
47,1.0000000000000002e-06,0.0,0.2548629557333028,0.895910780669145,0.9615591955214597,0.3946966396437751,0.8703703703703703,0.8929194279734914,
48,1.0000000000000002e-06,0.0,0.27716189988483725,0.8977695167286245,0.9520411549950215,0.39561846962681524,0.8611111111111112,0.8939658179281479,
49,1.0000000000000002e-06,0.0,0.24856940255289184,0.9033457249070632,0.9670576180123794,0.4071964643619679,0.8425925925925926,0.8908266480641786,
50,1.0000000000000002e-06,0.0,0.29265388192740516,0.8680297397769516,0.9535399764232716,0.4026401087089821,0.8611111111111112,0.8939658179281479,
