variant,n_runs,accuracy,balanced_accuracy,sensitivity,specificity,f1,auc,ece,brier,pooled_acc,pooled_TP_TN_FP_FN
msssim,5,0.610 ± 0.041,0.613 ± 0.047,0.622 ± 0.138,0.604 ± 0.062,0.584 ± 0.078,0.653 ± 0.057,0.390 ± 0.041,0.390 ± 0.041,0.6093,241/283/187/149
resnet_bce,5,0.836 ± 0.022,0.840 ± 0.018,0.871 ± 0.042,0.810 ± 0.063,0.828 ± 0.017,0.909 ± 0.027,0.085 ± 0.015,0.120 ± 0.022,0.836,339/380/90/51
resnet_geom_bce,5,0.821 ± 0.025,0.822 ± 0.030,0.851 ± 0.101,0.793 ± 0.076,0.808 ± 0.043,0.900 ± 0.029,0.096 ± 0.016,0.131 ± 0.016,0.8209,334/372/98/56
resnet_beta,5,0.829 ± 0.022,0.835 ± 0.019,0.867 ± 0.075,0.803 ± 0.091,0.820 ± 0.021,0.904 ± 0.031,0.099 ± 0.016,0.125 ± 0.019,0.8291,337/376/94/53
full,5,0.841 ± 0.023,0.846 ± 0.016,0.865 ± 0.058,0.826 ± 0.073,0.830 ± 0.029,0.912 ± 0.031,0.084 ± 0.020,0.122 ± 0.016,0.8419,337/387/83/53
full_onehot,5,0.795 ± 0.044,0.798 ± 0.051,0.800 ± 0.188,0.796 ± 0.136,0.770 ± 0.086,0.889 ± 0.040,0.112 ± 0.054,0.147 ± 0.036,0.7965,313/372/98/77
full_embed8,5,0.803 ± 0.024,0.810 ± 0.020,0.839 ± 0.094,0.780 ± 0.080,0.792 ± 0.028,0.895 ± 0.031,0.100 ± 0.032,0.137 ± 0.016,0.8023,325/365/105/65
full_kl,5,0.809 ± 0.051,0.815 ± 0.046,0.804 ± 0.159,0.826 ± 0.129,0.787 ± 0.062,0.912 ± 0.025,0.122 ± 0.041,0.137 ± 0.030,0.8093,310/386/84/80
full_frozen,5,0.758 ± 0.070,0.761 ± 0.065,0.750 ± 0.087,0.773 ± 0.105,0.736 ± 0.078,0.841 ± 0.064,0.104 ± 0.043,0.167 ± 0.037,0.7593,291/362/108/99
