path,label,geometry,tip,prefix,print_id,session,p,u,alpha,beta
data/Good_png/IDCBR_03.png,1,circle_grid,regular,IDCBR,3,IDCBR_G27_T35,0.4295037,0.537971,1.5967541,2.1209183
data/Good_png/IDCBR_08.png,1,circle_grid,regular,IDCBR,8,IDCBR_G27_T35,0.80167323,0.35428798,4.525546,1.1195791
data/Good_png/IDCBR_11.png,1,circle_grid,regular,IDCBR,11,IDCBR_G27_T35,0.88356227,0.22808148,7.747777,1.0210186
data/Good_png/IDCBR_14.png,1,circle_grid,regular,IDCBR,14,IDCBR_G27_T35,0.8849473,0.22520655,7.8589835,1.0217527
data/Good_png/IDCBR_15.png,1,circle_grid,regular,IDCBR,15,IDCBR_G27_T35,0.7531752,0.41101527,3.66495,1.2010491
data/Good_png/IDCBR_17.png,1,circle_grid,regular,IDCBR,17,IDCBR_G27_T35,0.84381896,0.29471493,5.7263403,1.059879
data/Good_png/IDCB_73.png,1,circle_grid,tapered,IDCB,73,IDCB_G25_T25,0.6777433,0.48862338,2.774093,1.3190391
data/Good_png/IDCB_76.png,1,circle_grid,tapered,IDCB,76,IDCB_G25_T25,0.072392575,0.13998045,1.0343242,13.2533865
data/Good_png/IDCB_77.png,1,circle_grid,tapered,IDCB,77,IDCB_G25_T25,0.1525302,0.257672,1.1839097,6.5778956
data/Good_png/IDCB_80.png,1,circle_grid,tapered,IDCB,80,IDCB_G25_T25,0.45159373,0.552988,1.6332859,1.9834293
data/Good_png/IDCB_83.png,1,circle_grid,tapered,IDCB,83,IDCB_G25_T25,0.80653083,0.3456355,4.6669445,1.119498
data/Good_png/IDCB_84.png,1,circle_grid,tapered,IDCB,84,IDCB_G25_T25,0.29629356,0.409124,1.4484291,3.4400644
data/Good_png/IDCB_86.png,1,circle_grid,tapered,IDCB,86,IDCB_G25_T25,0.54061186,0.57487553,1.8807962,1.5982178
data/Good_png/IDCB_90.png,1,circle_grid,tapered,IDCB,90,IDCB_G25_T25,0.13972114,0.23688573,1.1796501,7.2632394
data/Good_png/IDCT_37.png,1,circle,tapered,IDCT,37,IDCT_G30_T30,0.68172175,0.48326284,2.8213289,1.3172057
data/Good_png/IDCT_38.png,1,circle,tapered,IDCT,38,IDCT_G30_T30,0.8663899,0.2581297,6.7128263,1.0352174
data/Good_png/IDCT_41.png,1,circle,tapered,IDCT,41,IDCT_G30_T30,0.73330975,0.43406832,3.3787758,1.2287941
data/Good_png/IDCT_42.png,1,circle,tapered,IDCT,42,IDCT_G30_T30,0.9169714,0.16559877,11.074616,1.0027683
data/Good_png/IDCT_43.png,1,circle,tapered,IDCT,43,IDCT_G30_T30,0.9107241,0.17766131,10.252362,1.0050129
data/Good_png/IDCT_44.png,1,circle,tapered,IDCT,44,IDCT_G30_T30,0.920974,0.15770786,11.679494,1.0021816
data/Good_png/IDCT_46.png,1,circle,tapered,IDCT,46,IDCT_G30_T30,0.6905817,0.47596818,2.9017975,1.300164
data/Good_png/IDCT_47.png,1,circle,tapered,IDCT,47,IDCT_G30_T30,0.5382606,0.5761369,1.8685164,1.602881
data/Good_png/IDCT_48.png,1,circle,tapered,IDCT,48,IDCT_G30_T30,0.88791126,0.2209055,8.038834,1.0148113
data/Good_png/IDCT_49.png,1,circle,tapered,IDCT,49,IDCT_G30_T30,0.83463997,0.30663347,5.4438934,1.0785519
data/Good_png/IDCT_51.png,1,circle,tapered,IDCT,51,IDCT_G30_T30,0.8780701,0.23799044,7.379037,1.0246618
data/Good_png/IDCT_54.png,1,circle,tapered,IDCT,54,IDCT_G30_T30,0.8781076,0.238357,7.368004,1.022772
data/Good_png/IDCT_55.png,1,circle,tapered,IDCT,55,IDCT_G30_T25,0.09265994,0.17266442,1.0732951,10.509867
data/Good_png/IDCT_56.png,1,circle,tapered,IDCT,56,IDCT_G30_T25,0.5759857,0.55032265,2.0932655,1.540966
data/Good_png/IDCT_58.png,1,circle,tapered,IDCT,58,IDCT_G30_T25,0.87039435,0.25134578,6.925872,1.0312933
data/Good_png/IDCT_59.png,1,circle,tapered,IDCT,59,IDCT_G30_T25,0.9096652,0.17973965,10.122031,1.0051742
data/Good_png/IDCT_61.png,1,circle,tapered,IDCT,61,IDCT_G30_T25,0.8606065,0.26780206,6.427183,1.0410188
data/Good_png/IDCT_62.png,1,circle,tapered,IDCT,62,IDCT_G30_T25,0.5398387,0.56923294,1.8967234,1.616777
data/Good_png/IDCT_63.png,1,circle,tapered,IDCT,63,IDCT_G30_T25,0.4168733,0.5150128,1.6188852,2.2645135
data/Good_png/IDCT_65.png,1,circle,tapered,IDCT,65,IDCT_G30_T25,0.8852082,0.22513568,7.863775,1.0197566
data/Good_png/IDCT_68.png,1,circle,tapered,IDCT,68,IDCT_G30_T25,0.89093703,0.21484157,8.293898,1.0152872
data/Good_png/IDCT_71.png,1,circle,tapered,IDCT,71,IDCT_G30_T25,0.9188734,0.16178277,11.359348,1.0029076
data/Good_png/IDSQR_ (43).png,1,square_grid,regular,IDSQR,43,IDSQR_G25_T30,0.9137206,0.1721385,10.61611,1.0024418
data/Good_png/IDSQR_ (44).png,1,square_grid,regular,IDSQR,44,IDSQR_G25_T30,0.0812295,0.15440358,1.0521711,11.900896
data/Good_png/IDSQR_ (52).png,1,square_grid,regular,IDSQR,52,IDSQR_G25_T30,0.07256337,0.1397996,1.0381056,13.268087
data/Good_png/IDSQR_ (53).png,1,square_grid,regular,IDSQR,53,IDSQR_G25_T30,0.6175849,0.5342962,2.3117697,1.4314723
data/Good_png/IDSR_101.png,1,line,regular,IDSR,101,IDSR_G30_T30,0.11561136,0.20620795,1.1213084,8.577639
data/Good_png/IDSR_102.png,1,line,regular,IDSR,102,IDSR_G30_T30,0.94178426,0.116420634,16.178991,1.0000943
data/Good_png/IDSR_103.png,1,line,regular,IDSR,103,IDSR_G30_T30,0.9442301,0.11153345,16.931784,1.0000579
data/Good_png/IDSR_104.png,1,line,regular,IDSR,104,IDSR_G30_T30,0.937523,0.124930196,15.008749,1.0001912
data/Good_png/IDSR_105.png,1,line,regular,IDSR,105,IDSR_G30_T30,0.88451856,0.22783034,7.764713,1.01375
data/Good_png/IDSR_107.png,1,line,regular,IDSR,107,IDSR_G30_T30,0.89302367,0.21195313,8.426615,1.0094336
data/Good_png/IDSR_91.png,1,line,regular,IDSR,91,IDSR_G30_T30,0.94008106,0.11982326,15.691128,1.0001212
data/Good_png/IDSR_92.png,1,line,regular,IDSR,92,IDSR_G30_T30,0.9486276,0.10274243,18.466131,1.0000225
data/Good_png/IDSR_93.png,1,line,regular,IDSR,93,IDSR_G30_T30,0.9209205,0.15795007,11.660907,1.0013229
data/Good_png/IDSR_94.png,1,line,regular,IDSR,94,IDSR_G30_T30,0.8806685,0.23482095,7.5007663,1.016362
data/Good_png/IDSR_95.png,1,line,regular,IDSR,95,IDSR_G30_T30,0.9457604,0.108474374,17.43749,1.0000436
data/Good_png/IDSR_96.png,1,line,regular,IDSR,96,IDSR_G30_T30,0.9087914,0.18175377,10.000249,1.0036501
data/Good_png/IDSR_97.png,1,line,regular,IDSR,97,IDSR_G30_T30,0.07911095,0.1507861,1.0493135,12.214508
data/Good_png/IDSR_98.png,1,line,regular,IDSR,98,IDSR_G30_T30,0.93296784,0.13401881,13.922939,1.0003394
data/Good_png/IDSR_99.png,1,line,regular,IDSR,99,IDSR_G30_T30,0.79452354,0.36907563,4.305478,1.1134655
data/Good_png/IDST_56.png,1,line,tapered,IDST,56,IDST_G30_T25,0.09169183,0.17076918,1.0738685,10.637846
data/Good_png/IDST_62.png,1,line,tapered,IDST,62,IDST_G30_T25,0.9199454,0.15987706,11.508161,1.0014515
data/Good_png/IDST_63.png,1,line,tapered,IDST,63,IDST_G30_T25,0.9556732,0.08865325,21.559801,1.0000037
data/Good_png/IDST_66.png,1,line,tapered,IDST,66,IDST_G30_T25,0.9215283,0.15673256,11.759245,1.0013455
data/Good_png/IDST_68.png,1,line,tapered,IDST,68,IDST_G30_T25,0.94925,0.10149791,18.704819,1.0000211
data/Good_png/IDST_71.png,1,line,tapered,IDST,71,IDST_G30_T25,0.9540553,0.0918889,20.76541,1.000006
data/Good_png/IDST_72.png,1,line,tapered,IDST,72,IDST_G30_T25,0.9453371,0.10932076,17.29474,1.0000465
data/Good_png/ID_37.png,1,square_grid,tapered,ID,37,ID_G30_T30,0.9473366,0.10532376,17.989038,1.0000288
data/Good_png/ID_38.png,1,square_grid,tapered,ID,38,ID_G30_T30,0.9512462,0.09750644,19.511454,1.0000114
data/Good_png/ID_40.png,1,square_grid,tapered,ID,40,ID_G30_T30,0.95049995,0.09899882,19.202248,1.0000136
data/Good_png/ID_41.png,1,square_grid,tapered,ID,41,ID_G30_T30,0.14386378,0.24543227,1.1723298,6.976558
data/Good_png/ID_43.png,1,square_grid,tapered,ID,43,ID_G30_T30,0.95396125,0.09207698,20.72095,1.0000054
data/Good_png/ID_44.png,1,square_grid,tapered,ID,44,ID_G30_T30,0.54517865,0.5771876,1.8890865,1.5759913
data/Good_png/ID_47.png,1,square_grid,tapered,ID,47,ID_G30_T30,0.95430416,0.0913911,20.883963,1.0000049
data/Good_png/ID_50.png,1,square_grid,tapered,ID,50,ID_G30_T30,0.89277524,0.2124261,8.405514,1.0095252
data/Good_png/ID_52.png,1,square_grid,tapered,ID,52,ID_G30_T30,0.91960365,0.16054785,11.45582,1.0015249
data/Good_png/ID_53.png,1,square_grid,tapered,ID,53,ID_G30_T30,0.06215995,0.12182804,1.0204539,15.396129
data/Bad_png/IDCBR_01.png,0,circle_grid,regular,IDCBR,1,IDCBR_G27_T35,0.028122256,0.056236446,1.0001434,34.56398
data/Bad_png/IDCBR_02.png,0,circle_grid,regular,IDCBR,2,IDCBR_G27_T35,0.34697685,0.45826405,1.5143096,2.8499866
data/Bad_png/IDCBR_04.png,0,circle_grid,regular,IDCBR,4,IDCBR_G27_T35,0.67260426,0.4944286,2.7207336,1.3243401
data/Bad_png/IDCBR_05.png,0,circle_grid,regular,IDCBR,5,IDCBR_G27_T35,0.044075012,0.087780945,1.0042046,21.779785
data/Bad_png/IDCBR_06.png,0,circle_grid,regular,IDCBR,6,IDCBR_G27_T35,0.04980687,0.09876933,1.0085493,19.240652
data/Bad_png/IDCBR_07.png,0,circle_grid,regular,IDCBR,7,IDCBR_G27_T35,0.029975032,0.059934746,1.0002556,32.36937
data/Bad_png/IDCBR_09.png,0,circle_grid,regular,IDCBR,9,IDCBR_G27_T35,0.1892871,0.3034204,1.2476887,5.343826
data/Bad_png/IDCBR_10.png,0,circle_grid,regular,IDCBR,10,IDCBR_G27_T35,0.030864146,0.06170823,1.0003251,31.410261
data/Bad_png/IDCBR_12.png,0,circle_grid,regular,IDCBR,12,IDCBR_G27_T35,0.06571102,0.12811093,1.0258456,14.585625
data/Bad_png/IDCBR_13.png,0,circle_grid,regular,IDCBR,13,IDCBR_G27_T35,0.02921088,0.058409743,1.0002058,33.240658
data/Bad_png/IDCBR_16.png,0,circle_grid,regular,IDCBR,16,IDCBR_G27_T35,0.062914774,0.1231448,1.0218016,15.219241
data/Bad_png/IDCBR_18.png,0,circle_grid,regular,IDCBR,18,IDCBR_G27_T35,0.05779574,0.113808006,1.0156709,16.557785
data/Bad_png/IDCB_74.png,0,circle_grid,tapered,IDCB,74,IDCB_G25_T25,0.22427168,0.33618852,1.3342018,4.614841
data/Bad_png/IDCB_75.png,0,circle_grid,tapered,IDCB,75,IDCB_G25_T25,0.041083712,0.08192905,1.0029095,23.408457
data/Bad_png/IDCB_78.png,0,circle_grid,tapered,IDCB,78,IDCB_G25_T25,0.08126019,0.15474375,1.050255,11.874339
data/Bad_png/IDCB_79.png,0,circle_grid,tapered,IDCB,79,IDCB_G25_T25,0.032110542,0.06418809,1.000514,30.157913
data/Bad_png/IDCB_81.png,0,circle_grid,tapered,IDCB,81,IDCB_G25_T25,0.044456158,0.08852084,1.0044224,21.589127
data/Bad_png/IDCB_82.png,0,circle_grid,tapered,IDCB,82,IDCB_G25_T25,0.04707078,0.093570314,1.006105,20.368195
data/Bad_png/IDCB_85.png,0,circle_grid,tapered,IDCB,85,IDCB_G25_T25,0.03732293,0.07454567,1.0013441,25.827847
data/Bad_png/IDCB_87.png,0,circle_grid,tapered,IDCB,87,IDCB_G25_T25,0.05454766,0.10780418,1.0119767,17.54018
data/Bad_png/IDCB_88.png,0,circle_grid,tapered,IDCB,88,IDCB_G25_T25,0.021220377,0.042440437,1.0000075,46.124863
data/Bad_png/IDCB_89.png,0,circle_grid,tapered,IDCB,89,IDCB_G25_T25,0.028969776,0.05792868,1.0001876,33.525024
data/Bad_png/IDCT_39.png,0,circle,tapered,IDCT,39,IDCT_G30_T30,0.054370105,0.107517235,1.0113747,17.590294
data/Bad_png/IDCT_40.png,0,circle,tapered,IDCT,40,IDCT_G30_T30,0.58930343,0.55356693,2.1291137,1.483819
data/Bad_png/IDCT_45.png,0,circle,tapered,IDCT,45,IDCT_G30_T30,0.49752784,0.5791627,1.7180934,1.7351675
data/Bad_png/IDCT_50.png,0,circle,tapered,IDCT,50,IDCT_G30_T30,0.84098196,0.29818398,5.6406918,1.0665764
data/Bad_png/IDCT_52.png,0,circle,tapered,IDCT,52,IDCT_G30_T30,0.10764783,0.19612373,1.0977542,9.09989
data/Bad_png/IDCT_53.png,0,circle,tapered,IDCT,53,IDCT_G30_T30,0.07443456,0.14356841,1.0369211,12.89372
data/Bad_png/IDCT_57.png,0,circle,tapered,IDCT,57,IDCT_G30_T25,0.12486223,0.22069384,1.1315426,7.9307857
data/Bad_png/IDCT_60.png,0,circle,tapered,IDCT,60,IDCT_G30_T25,0.056868404,0.112098165,1.0146179,16.826887
data/Bad_png/IDCT_64.png,0,circle,tapered,IDCT,64,IDCT_G30_T25,0.032469667,0.06490794,1.0004838,29.81239
data/Bad_png/IDCT_66.png,0,circle,tapered,IDCT,66,IDCT_G30_T25,0.055036362,0.108667694,1.0129296,17.391804
data/Bad_png/IDCT_67.png,0,circle,tapered,IDCT,67,IDCT_G30_T25,0.10953259,0.19354127,1.1318784,9.201835
data/Bad_png/IDCT_69.png,0,circle,tapered,IDCT,69,IDCT_G30_T25,0.033084136,0.0661271,1.0006226,29.244165
data/Bad_png/IDCT_70.png,0,circle,tapered,IDCT,70,IDCT_G30_T25,0.12368036,0.21897483,1.1296308,8.003839
data/Bad_png/IDCT_72.png,0,circle,tapered,IDCT,72,IDCT_G30_T25,0.025678506,0.051353417,1.00007,37.945732
data/Bad_png/IDSQR_ (100).png,0,square_grid,regular,IDSQR,100,IDSQR_G30_T30,0.015406737,0.03081347,1.0000001,63.906677
data/Bad_png/IDSQR_ (101).png,0,square_grid,regular,IDSQR,101,IDSQR_G30_T30,0.017981648,0.035963267,1.0000008,54.6123
data/Bad_png/IDSQR_ (102).png,0,square_grid,regular,IDSQR,102,IDSQR_G30_T30,0.015087373,0.030174745,1.0,65.280594
data/Bad_png/IDSQR_ (103).png,0,square_grid,regular,IDSQR,103,IDSQR_G30_T30,0.017710526,0.035421025,1.0000007,55.46364
data/Bad_png/IDSQR_ (104).png,0,square_grid,regular,IDSQR,104,IDSQR_G30_T30,0.016925296,0.03385058,1.0000004,58.083183
data/Bad_png/IDSQR_ (105).png,0,square_grid,regular,IDSQR,105,IDSQR_G30_T30,0.02411207,0.048222575,1.0000324,40.47432
data/Bad_png/IDSQR_ (106).png,0,square_grid,regular,IDSQR,106,IDSQR_G30_T30,0.013926958,0.027853915,1.0,70.80319
data/Bad_png/IDSQR_ (107).png,0,square_grid,regular,IDSQR,107,IDSQR_G30_T30,0.018077351,0.03615467,1.000001,54.31789
data/Bad_png/IDSQR_ (108).png,0,square_grid,regular,IDSQR,108,IDSQR_G30_T30,0.015282622,0.03056524,1.0000001,64.43381
data/Bad_png/IDSQR_ (37).png,0,square_grid,regular,IDSQR,37,IDSQR_G25_T30,0.044544507,0.08867605,1.004657,21.549347
data/Bad_png/IDSQR_ (38).png,0,square_grid,regular,IDSQR,38,IDSQR_G25_T30,0.034806713,0.06954089,1.0010431,27.759014
data/Bad_png/IDSQR_ (39).png,0,square_grid,regular,IDSQR,39,IDSQR_G25_T30,0.22605635,0.34481952,1.3111575,4.4889784
data/Bad_png/IDSQR_ (40).png,0,square_grid,regular,IDSQR,40,IDSQR_G25_T30,0.15027149,0.2508968,1.1978749,6.77353
data/Bad_png/IDSQR_ (41).png,0,square_grid,regular,IDSQR,41,IDSQR_G25_T30,0.031613763,0.063202105,1.0004022,30.644112
data/Bad_png/IDSQR_ (42).png,0,square_grid,regular,IDSQR,42,IDSQR_G25_T30,0.018759906,0.037519757,1.0000015,52.305252
data/Bad_png/IDSQR_ (45).png,0,square_grid,regular,IDSQR,45,IDSQR_G25_T30,0.015307377,0.03061475,1.0000001,64.32799
data/Bad_png/IDSQR_ (46).png,0,square_grid,regular,IDSQR,46,IDSQR_G25_T30,0.046503145,0.09247417,1.0057542,20.621906
data/Bad_png/IDSQR_ (47).png,0,square_grid,regular,IDSQR,47,IDSQR_G25_T30,0.066180274,0.12888764,1.0269452,14.490446
data/Bad_png/IDSQR_ (48).png,0,square_grid,regular,IDSQR,48,IDSQR_G25_T30,0.049555264,0.098338366,1.0078521,19.33009
data/Bad_png/IDSQR_ (49).png,0,square_grid,regular,IDSQR,49,IDSQR_G25_T30,0.33725306,0.44397128,1.5192562,2.98554
data/Bad_png/IDSQR_ (50).png,0,square_grid,regular,IDSQR,50,IDSQR_G25_T30,0.034834377,0.06960029,1.0009837,27.734528
data/Bad_png/IDSQR_ (51).png,0,square_grid,regular,IDSQR,51,IDSQR_G25_T30,0.04019899,0.08021117,1.002329,23.931854
data/Bad_png/IDSQR_ (54).png,0,square_grid,regular,IDSQR,54,IDSQR_G25_T30,0.07516513,0.14456356,1.0398904,12.794855
data/Bad_png/IDSQR_ (91).png,0,square_grid,regular,IDSQR,91,IDSQR_G30_T30,0.031334184,0.06264443,1.0003822,30.925842
data/Bad_png/IDSQR_ (92).png,0,square_grid,regular,IDSQR,92,IDSQR_G30_T30,0.02809865,0.056188777,1.0001516,34.594143
data/Bad_png/IDSQR_ (93).png,0,square_grid,regular,IDSQR,93,IDSQR_G30_T30,0.016482811,0.032965615,1.0000002,59.669273
data/Bad_png/IDSQR_ (94).png,0,square_grid,regular,IDSQR,94,IDSQR_G30_T30,0.015478318,0.030956632,1.0000001,63.606514
data/Bad_png/IDSQR_ (95).png,0,square_grid,regular,IDSQR,95,IDSQR_G30_T30,0.06302491,0.1233818,1.0216241,15.188222
data/Bad_png/IDSQR_ (96).png,0,square_grid,regular,IDSQR,96,IDSQR_G30_T30,0.02522945,0.050456252,1.0000525,38.638245
data/Bad_png/IDSQR_ (97).png,0,square_grid,regular,IDSQR,97,IDSQR_G30_T30,0.015774,0.031547997,1.0000001,62.39547
data/Bad_png/IDSQR_ (98).png,0,square_grid,regular,IDSQR,98,IDSQR_G30_T30,0.01984046,0.039680786,1.0000033,49.40222
data/Bad_png/IDSQR_ (99).png,0,square_grid,regular,IDSQR,99,IDSQR_G30_T30,0.031017717,0.06201364,1.0003514,31.250618
data/Bad_png/IDSR_100.png,0,line,regular,IDSR,100,IDSR_G30_T30,0.06369821,0.12436436,1.0243804,15.057397
data/Bad_png/IDSR_106.png,0,line,regular,IDSR,106,IDSR_G30_T30,0.14575556,0.24335831,1.1978679,7.020466
data/Bad_png/IDSR_108.png,0,line,regular,IDSR,108,IDSR_G30_T30,0.040874027,0.08148322,1.0032501,23.54168
data/Bad_png/IDST_55.png,0,line,tapered,IDST,55,IDST_G30_T25,0.016817505,0.033634998,1.0000004,58.461876
data/Bad_png/IDST_57.png,0,line,tapered,IDST,57,IDST_G30_T25,0.06909098,0.13347492,1.0352653,13.948824
data/Bad_png/IDST_58.png,0,line,tapered,IDST,58,IDST_G30_T25,0.8047394,0.35574272,4.5242777,1.0977628
data/Bad_png/IDST_59.png,0,line,tapered,IDST,59,IDST_G30_T25,0.95261747,0.094764195,20.105007,1.000009
data/Bad_png/IDST_60.png,0,line,tapered,IDST,60,IDST_G30_T25,0.9129727,0.17361023,10.517499,1.0025599
data/Bad_png/IDST_61.png,0,line,tapered,IDST,61,IDST_G30_T25,0.020945176,0.041890062,1.0000069,46.74401
data/Bad_png/IDST_64.png,0,line,tapered,IDST,64,IDST_G30_T25,0.031059382,0.06209625,1.0003626,31.207703
data/Bad_png/IDST_65.png,0,line,tapered,IDST,65,IDST_G30_T25,0.3403604,0.44559807,1.5276566,2.9606934
data/Bad_png/IDST_67.png,0,line,tapered,IDST,67,IDST_G30_T25,0.01778601,0.03557199,1.0000008,55.224014
data/Bad_png/IDST_69.png,0,line,tapered,IDST,69,IDST_G30_T25,0.91300625,0.17352988,10.522756,1.0026373
data/Bad_png/IDST_70.png,0,line,tapered,IDST,70,IDST_G30_T25,0.018813154,0.03762624,1.0000018,52.154392
data/Bad_png/ID_39.png,0,square_grid,tapered,ID,39,ID_G30_T30,0.017417999,0.034835976,1.0000006,56.41191
data/Bad_png/ID_42.png,0,square_grid,tapered,ID,42,ID_G30_T30,0.01940722,0.038814336,1.0000026,50.527348
data/Bad_png/ID_45.png,0,square_grid,tapered,ID,45,ID_G30_T30,0.018393021,0.036785997,1.0000012,53.368515
data/Bad_png/ID_46.png,0,square_grid,tapered,ID,46,ID_G30_T30,0.025567163,0.05113021,1.0000805,38.115738
data/Bad_png/ID_48.png,0,square_grid,tapered,ID,48,ID_G30_T30,0.019242048,0.038484015,1.0000021,50.969627
data/Bad_png/ID_49.png,0,square_grid,tapered,ID,49,ID_G30_T30,0.7753553,0.39359528,3.9398608,1.141501
data/Bad_png/ID_51.png,0,square_grid,tapered,ID,51,ID_G30_T30,0.015000162,0.030000323,1.0,65.66595
data/Bad_png/ID_54.png,0,square_grid,tapered,ID,54,ID_G30_T30,0.014203694,0.028407387,1.0,69.40422
