path,label,geometry,session,score,threshold,p,margin
data/Good_png/IDCR_104.png,1,circle,IDCR_G30_T30,0.11421669545484003,0.24384596794087643,0.0,-0.1296292724860364
data/Good_png/IDCR_106.png,1,circle,IDCR_G30_T30,0.2883671331644891,0.24384596794087643,1.0,0.04452116522361266
data/Good_png/IDCR_13.png,1,circle,IDCR_G27_T35,0.24526977471489256,0.24384596794087643,1.0,0.0014238067740161287
data/Good_png/IDCR_31.png,1,circle,IDCR_G27_T30,0.23092531169139327,0.24384596794087643,0.0,-0.012920656249483159
data/Good_png/IDCR_46.png,1,circle,IDCR_G25_T30,0.2322360507256299,0.24384596794087643,0.0,-0.01160991721524654
data/Good_png/IDCR_52.png,1,circle,IDCR_G25_T30,0.2757886766939794,0.24384596794087643,1.0,0.031942708753102955
data/Good_png/IDCR_55.png,1,circle,IDCR_G25_T35,0.2196098791024169,0.24384596794087643,0.0,-0.02423608883845954
data/Good_png/IDCR_58.png,1,circle,IDCR_G25_T35,0.22354445048704316,0.24384596794087643,0.0,-0.020301517453833268
data/Good_png/IDCR_65.png,1,circle,IDCR_G25_T35,0.2833290751800237,0.24384596794087643,1.0,0.039483107239147275
data/Good_png/IDCR_74.png,1,circle,IDCR_G30_T35,0.09634675766264214,0.24384596794087643,0.0,-0.1474992102782343
data/Good_png/IDCR_79.png,1,circle,IDCR_G30_T35,0.20973016599675984,0.24384596794087643,0.0,-0.03411580194411659
data/Good_png/IDCR_84.png,1,circle,IDCR_G30_T35,0.24212718660096808,0.24384596794087643,0.0,-0.001718781339908354
data/Good_png/IDCR_85.png,1,circle,IDCR_G30_T35,0.24248998051299325,0.24384596794087643,0.0,-0.0013559874278831763
data/Good_png/IDCT_101.png,1,circle,IDCT_G25_T30,0.2379966543626925,0.24384596794087643,0.0,-0.00584931357818394
data/Good_png/IDCT_105.png,1,circle,IDCT_G25_T30,0.2894681618177696,0.24384596794087643,1.0,0.04562219387689315
data/Good_png/IDCT_19.png,1,circle,IDCT_G27_T30,0.16368963411532983,0.24384596794087643,0.0,-0.0801563338255466
data/Good_png/IDCT_20.png,1,circle,IDCT_G27_T30,0.3062979711929673,0.24384596794087643,1.0,0.06245200325209088
data/Good_png/IDCT_44.png,1,circle,IDCT_G30_T30,0.3342114289275758,0.24384596794087643,1.0,0.0903654609866994
data/Good_png/IDCT_47.png,1,circle,IDCT_G30_T30,0.29164487276309253,0.24384596794087643,1.0,0.047798904822216104
data/Good_png/IDCT_84.png,1,circle,IDCT_G25_T25,0.27189066299552056,0.24384596794087643,1.0,0.02804469505464413
data/Good_png/IDCT_91.png,1,circle,IDCT_G25_T30,0.28346754766837645,0.24384596794087643,1.0,0.03962157972750002
data/Good_png/IDCT_99.png,1,circle,IDCT_G25_T30,0.2885328642817862,0.24384596794087643,1.0,0.044686896340909776
data/Bad_png/IDCR_04.png,0,circle,IDCR_G27_T35,0.15244487322847292,0.24384596794087643,0.0,-0.09140109471240351
data/Bad_png/IDCR_05.png,0,circle,IDCR_G27_T35,0.19029583532272248,0.24384596794087643,0.0,-0.053550132618153945
data/Bad_png/IDCR_23.png,0,circle,IDCR_G27_T30,0.1418051281120406,0.24384596794087643,0.0,-0.10204083982883583
data/Bad_png/IDCR_37.png,0,circle,IDCR_G25_T30,0.2506962597710718,0.24384596794087643,1.0,0.006850291830195365
data/Bad_png/IDCR_38.png,0,circle,IDCR_G25_T30,0.23385760831437058,0.24384596794087643,0.0,-0.00998835962650585
data/Bad_png/IDCR_40.png,0,circle,IDCR_G25_T30,0.22360274599560248,0.24384596794087643,0.0,-0.020243221945273948
data/Bad_png/IDCR_54.png,0,circle,IDCR_G25_T30,0.37164598604046745,0.24384596794087643,1.0,0.12780001809959102
data/Bad_png/IDCR_66.png,0,circle,IDCR_G25_T35,0.32279383126590705,0.24384596794087643,1.0,0.07894786332503062
data/Bad_png/IDCR_92.png,0,circle,IDCR_G30_T30,0.1944858437633244,0.24384596794087643,0.0,-0.049360124177552034
data/Bad_png/IDCR_93.png,0,circle,IDCR_G30_T30,0.238718603139417,0.24384596794087643,0.0,-0.005127364801459422
data/Bad_png/IDCT_106.png,0,circle,IDCT_G25_T30,0.19857617729327956,0.24384596794087643,0.0,-0.04526979064759687
data/Bad_png/IDCT_11.png,0,circle,IDCT_G27_T25,0.1896486042653323,0.24384596794087643,0.0,-0.05419736367554412
data/Bad_png/IDCT_18.png,0,circle,IDCT_G27_T25,0.13743683338735344,0.24384596794087643,0.0,-0.106409134553523
data/Bad_png/IDCT_33.png,0,circle,IDCT_G27_T30,0.28873874725053084,0.24384596794087643,1.0,0.04489277930965441
data/Bad_png/IDCT_40.png,0,circle,IDCT_G30_T30,0.2863756391107549,0.24384596794087643,1.0,0.04252967116987849
data/Bad_png/IDCT_66.png,0,circle,IDCT_G30_T25,0.2606376739794987,0.24384596794087643,1.0,0.01679170603862229
data/Bad_png/IDCT_72.png,0,circle,IDCT_G30_T25,0.24255576163092718,0.24384596794087643,0.0,-0.001290206309949249
data/Bad_png/IDCT_73.png,0,circle,IDCT_G25_T25,0.15555758302612233,0.24384596794087643,0.0,-0.0882883849147541
data/Bad_png/IDCT_78.png,0,circle,IDCT_G25_T25,0.17579896464585779,0.24384596794087643,0.0,-0.06804700329501864
data/Bad_png/IDCT_83.png,0,circle,IDCT_G25_T25,0.24742370979383804,0.24384596794087643,1.0,0.0035777418529616134
data/Bad_png/IDCT_86.png,0,circle,IDCT_G25_T25,0.2317271961059882,0.24384596794087643,0.0,-0.012118771834888242
data/Bad_png/IDCT_97.png,0,circle,IDCT_G25_T30,0.1622388349820034,0.24384596794087643,0.0,-0.08160713295887304
data/Good_png/IDCBR_101.png,1,circle_grid,IDCBR_G30_T30,0.09521389018099335,0.15636769255951996,0.0,-0.061153802378526606
data/Good_png/IDCBR_103.png,1,circle_grid,IDCBR_G30_T30,0.04945040852621134,0.15636769255951996,0.0,-0.10691728403330862
data/Good_png/IDCBR_21.png,1,circle_grid,IDCBR_G27_T30,0.10031463107256809,0.15636769255951996,0.0,-0.05605306148695187
data/Good_png/IDCBR_23.png,1,circle_grid,IDCBR_G27_T30,0.1151510521867473,0.15636769255951996,0.0,-0.04121664037277266
data/Good_png/IDCBR_27.png,1,circle_grid,IDCBR_G27_T30,0.0729812329072041,0.15636769255951996,0.0,-0.08338645965231586
data/Good_png/IDCBR_38.png,1,circle_grid,IDCBR_G25_T30,0.22860896008096768,0.15636769255951996,1.0,0.07224126752144772
data/Good_png/IDCBR_39.png,1,circle_grid,IDCBR_G25_T30,0.2691597402763603,0.15636769255951996,1.0,0.11279204771684034
data/Good_png/IDCBR_42.png,1,circle_grid,IDCBR_G25_T30,0.3100444473566149,0.15636769255951996,1.0,0.15367675479709494
data/Good_png/IDCBR_54.png,1,circle_grid,IDCBR_G25_T30,0.17183786230729853,0.15636769255951996,1.0,0.015470169747778567
data/Good_png/IDCBR_68.png,1,circle_grid,IDCBR_G25_T35,0.019508797167444174,0.15636769255951996,0.0,-0.1368588953920758
data/Good_png/IDCBR_70.png,1,circle_grid,IDCBR_G25_T35,0.2540150619588021,0.15636769255951996,1.0,0.09764736939928212
data/Good_png/IDCBR_74.png,1,circle_grid,IDCBR_G30_T35,0.057183900865588784,0.15636769255951996,0.0,-0.09918379169393118
data/Good_png/IDCBR_76.png,1,circle_grid,IDCBR_G30_T35,0.17164399269298403,0.15636769255951996,1.0,0.015276300133464066
data/Good_png/IDCBR_99.png,1,circle_grid,IDCBR_G30_T30,0.08765659614057016,0.15636769255951996,0.0,-0.0687110964189498
data/Good_png/IDCB_105.png,1,circle_grid,IDCB_G25_T30,0.1203396907712716,0.15636769255951996,0.0,-0.03602800178824836
data/Good_png/IDCB_12.png,1,circle_grid,IDCB_G27_T25,0.2130887615299536,0.15636769255951996,1.0,0.056721068970433636
data/Good_png/IDCB_48.png,1,circle_grid,IDCB_G30_T30,0.39598621619771174,0.15636769255951996,1.0,0.23961852363819178
data/Good_png/IDCB_64.png,1,circle_grid,IDCB_G30_T25,0.12244607785336871,0.15636769255951996,0.0,-0.03392161470615125
data/Good_png/IDCB_66.png,1,circle_grid,IDCB_G30_T25,0.14324521600198298,0.15636769255951996,0.0,-0.013122476557536983
data/Good_png/IDCB_83.png,1,circle_grid,IDCB_G25_T25,0.024247747215728296,0.15636769255951996,0.0,-0.13211994534379168
data/Good_png/IDCB_86.png,1,circle_grid,IDCB_G25_T25,0.14852568601146943,0.15636769255951996,0.0,-0.007842006548050534
data/Good_png/IDCB_90.png,1,circle_grid,IDCB_G25_T25,0.05069091405058333,0.15636769255951996,0.0,-0.10567677850893663
data/Good_png/IDCB_99.png,1,circle_grid,IDCB_G25_T30,0.13303414082595116,0.15636769255951996,0.0,-0.023333551733568797
data/Bad_png/IDCBR_16.png,0,circle_grid,IDCBR_G27_T35,0.07531986160017258,0.15636769255951996,0.0,-0.08104783095934738
data/Bad_png/IDCBR_28.png,0,circle_grid,IDCBR_G27_T30,0.005483221372231698,0.15636769255951996,0.0,-0.15088447118728826
data/Bad_png/IDCBR_33.png,0,circle_grid,IDCBR_G27_T30,0.16125280105844808,0.15636769255951996,1.0,0.00488510849892812
data/Bad_png/IDCBR_45.png,0,circle_grid,IDCBR_G25_T30,0.2446153067902376,0.15636769255951996,1.0,0.08824761423071764
data/Bad_png/IDCBR_66.png,0,circle_grid,IDCBR_G25_T35,0.15578113873400054,0.15636769255951996,0.0,-0.0005865538255194203
data/Bad_png/IDCBR_79.png,0,circle_grid,IDCBR_G30_T35,0.0337957439975755,0.15636769255951996,0.0,-0.12257194856194446
data/Bad_png/IDCBR_89.png,0,circle_grid,IDCBR_G30_T35,0.07019918988072449,0.15636769255951996,0.0,-0.08616850267879547
data/Bad_png/IDCB_08.png,0,circle_grid,IDCB_G27_T25,0.12631268285885924,0.15636769255951996,0.0,-0.030055009700660718
data/Bad_png/IDCB_09.png,0,circle_grid,IDCB_G27_T25,0.16791792268941386,0.15636769255951996,1.0,0.011550230129893896
data/Bad_png/IDCB_101.png,0,circle_grid,IDCB_G25_T30,0.1031067567868093,0.15636769255951996,0.0,-0.053260935772710655
data/Bad_png/IDCB_28.png,0,circle_grid,IDCB_G27_T30,0.0028554852794306887,0.15636769255951996,0.0,-0.15351220728008927
data/Bad_png/IDCB_37.png,0,circle_grid,IDCB_G30_T30,0.03586464674772677,0.15636769255951996,0.0,-0.12050304581179319
data/Bad_png/IDCB_39.png,0,circle_grid,IDCB_G30_T30,0.04896226621740147,0.15636769255951996,0.0,-0.1074054263421185
data/Bad_png/IDCB_47.png,0,circle_grid,IDCB_G30_T30,0.05247092275807672,0.15636769255951996,0.0,-0.10389676980144325
data/Bad_png/IDCB_51.png,0,circle_grid,IDCB_G30_T30,0.029216375176279404,0.15636769255951996,0.0,-0.12715131738324056
data/Bad_png/IDCB_67.png,0,circle_grid,IDCB_G30_T25,0.0015896773496603793,0.15636769255951996,0.0,-0.1547780152098596
data/Bad_png/IDCB_75.png,0,circle_grid,IDCB_G25_T25,0.10321393749635706,0.15636769255951996,0.0,-0.0531537550631629
data/Bad_png/IDCB_95.png,0,circle_grid,IDCB_G25_T30,0.24095168445398105,0.15636769255951996,1.0,0.08458399189446109
data/Bad_png/IDCB_96.png,0,circle_grid,IDCB_G25_T30,0.07095781814068845,0.15636769255951996,0.0,-0.08540987441883151
data/Bad_png/IDCB_97.png,0,circle_grid,IDCB_G25_T30,0.14194244589214436,0.15636769255951996,0.0,-0.014425246667375602
data/Good_png/IDSR_102.png,1,line,IDSR_G30_T30,4.75744226714605e-05,0.013488452471728914,0.0,-0.013440878049057454
data/Good_png/IDSR_105.png,1,line,IDSR_G30_T30,0.024124964591522434,0.013488452471728914,1.0,0.01063651211979352
data/Good_png/IDSR_27.png,1,line,IDSR_G27_T30,0.017128588280293525,0.013488452471728914,1.0,0.0036401358085646103
data/Good_png/IDSR_32.png,1,line,IDSR_G27_T30,0.01126064603766543,0.013488452471728914,0.0,-0.0022278064340634837
data/Good_png/IDSR_43.png,1,line,IDSR_G25_T30,0.015124422009598463,0.013488452471728914,1.0,0.0016359695378695485
data/Good_png/IDSR_58.png,1,line,IDSR_G25_T35,0.02048806351500686,0.013488452471728914,1.0,0.0069996110432779465
data/Good_png/IDSR_81.png,1,line,IDSR_G30_T35,0.0009795425404965947,0.013488452471728914,0.0,-0.012508909931232319
data/Good_png/IDSR_95.png,1,line,IDSR_G30_T30,0.08307241303989268,0.013488452471728914,1.0,0.06958396056816377
data/Good_png/IDST_03.png,1,line,IDST_G27_T25,0.03390146605849193,0.013488452471728914,1.0,0.020413013586763017
data/Good_png/IDST_09.png,1,line,IDST_G27_T25,0.012342766567123844,0.013488452471728914,0.0,-0.0011456859046050701
data/Good_png/IDST_14.png,1,line,IDST_G27_T25,0.014747663939738125,0.013488452471728914,1.0,0.001259211468009211
data/Good_png/IDST_16.png,1,line,IDST_G27_T25,0.0012223961301555649,0.013488452471728914,0.0,-0.01226605634157335
data/Good_png/IDST_25.png,1,line,IDST_G27_T30,0.0151094223092208,0.013488452471728914,1.0,0.0016209698374918865
data/Good_png/IDST_35.png,1,line,IDST_G27_T30,0.011072091130487275,0.013488452471728914,0.0,-0.0024163613412416397
data/Good_png/IDST_50.png,1,line,IDST_G30_T30,0.017687781548015417,0.013488452471728914,1.0,0.004199329076286503
data/Good_png/IDST_53.png,1,line,IDST_G30_T30,0.005969072155417308,0.013488452471728914,0.0,-0.007519380316311606
data/Good_png/IDST_56.png,1,line,IDST_G30_T25,0.008759762464024805,0.013488452471728914,0.0,-0.004728690007704109
data/Good_png/IDST_66.png,1,line,IDST_G30_T25,0.0008570388295313957,0.013488452471728914,0.0,-0.012631413642197518
data/Good_png/IDST_68.png,1,line,IDST_G30_T25,0.02891728773757321,0.013488452471728914,1.0,0.015428835265844296
data/Good_png/IDST_75.png,1,line,IDST_G25_T25,0.0011863229376022602,0.013488452471728914,0.0,-0.012302129534126655
data/Good_png/IDST_77.png,1,line,IDST_G25_T25,0.001261629803785718,0.013488452471728914,0.0,-0.012226822667943196
data/Good_png/IDST_80.png,1,line,IDST_G25_T25,0.001323904873482605,0.013488452471728914,0.0,-0.01216454759824631
data/Good_png/IDST_83.png,1,line,IDST_G25_T25,0.0755051373682775,0.013488452471728914,1.0,0.06201668489654859
data/Good_png/IDST_89.png,1,line,IDST_G25_T25,0.00879631004492982,0.013488452471728914,0.0,-0.004692142426799094
data/Bad_png/IDSR_02.png,0,line,IDSR_G27_T35,0.09962163045976737,0.013488452471728914,1.0,0.08613317798803845
data/Bad_png/IDSR_11.png,0,line,IDSR_G27_T35,0.017493251697666443,0.013488452471728914,1.0,0.004004799225937529
data/Bad_png/IDSR_15.png,0,line,IDSR_G27_T35,0.01777998816438195,0.013488452471728914,1.0,0.004291535692653035
data/Bad_png/IDSR_22.png,0,line,IDSR_G27_T30,0.01729983429314915,0.013488452471728914,1.0,0.0038113818214202365
data/Bad_png/IDSR_30.png,0,line,IDSR_G27_T30,0.10455771648163102,0.013488452471728914,1.0,0.0910692640099021
data/Bad_png/IDSR_36.png,0,line,IDSR_G27_T30,0.031445503002683194,0.013488452471728914,1.0,0.01795705053095428
data/Bad_png/IDSR_40.png,0,line,IDSR_G25_T30,0.017240140362572584,0.013488452471728914,1.0,0.0037516878908436697
data/Bad_png/IDSR_60.png,0,line,IDSR_G25_T35,0.13661230071950195,0.013488452471728914,1.0,0.12312384824777303
data/Bad_png/IDST_01.png,0,line,IDST_G27_T25,0.007980290916212794,0.013488452471728914,0.0,-0.00550816155551612
data/Bad_png/IDST_103.png,0,line,IDST_G25_T30,0.013182376775710446,0.013488452471728914,0.0,-0.00030607569601846796
data/Bad_png/IDST_11.png,0,line,IDST_G27_T25,0.012459940560240926,0.013488452471728914,0.0,-0.0010285119114879886
data/Bad_png/IDST_19.png,0,line,IDST_G27_T30,0.000677491275895366,0.013488452471728914,0.0,-0.012810961195833548
data/Bad_png/IDST_28.png,0,line,IDST_G27_T30,0.0011948634805450903,0.013488452471728914,0.0,-0.012293588991183824
data/Bad_png/IDST_30.png,0,line,IDST_G27_T30,0.08875614222411311,0.013488452471728914,1.0,0.0752676897523842
data/Bad_png/IDST_33.png,0,line,IDST_G27_T30,0.0013118313457995113,0.013488452471728914,0.0,-0.012176621125929403
data/Bad_png/IDST_70.png,0,line,IDST_G30_T25,0.001028490019345706,0.013488452471728914,0.0,-0.012459962452383209
data/Bad_png/IDST_76.png,0,line,IDST_G25_T25,0.0012079279764215516,0.013488452471728914,0.0,-0.012280524495307362
data/Bad_png/IDST_90.png,0,line,IDST_G25_T25,0.020009797298444987,0.013488452471728914,1.0,0.0065213448267160724
data/Bad_png/IDST_93.png,0,line,IDST_G25_T30,0.0014007458243880389,0.013488452471728914,0.0,-0.012087706647340875
data/Good_png/IDSQR_ (53).png,1,square_grid,IDSQR_G25_T30,0.012258566033527499,0.13935206665526775,0.0,-0.12709350062174024
data/Good_png/ID_19.png,1,square_grid,ID_G27_T30,0.01887669290023755,0.13935206665526775,0.0,-0.1204753737550302
data/Good_png/ID_2.png,1,square_grid,ID_G27_T25,0.06654151050942814,0.13935206665526775,0.0,-0.07281055614583962
data/Good_png/ID_22.png,1,square_grid,ID_G27_T30,0.016407667237277882,0.13935206665526775,0.0,-0.12294439941798987
data/Good_png/ID_32.png,1,square_grid,ID_G27_T30,0.01793460632350356,0.13935206665526775,0.0,-0.12141746033176419
data/Good_png/ID_41.png,1,square_grid,ID_G30_T30,0.09753185575853861,0.13935206665526775,0.0,-0.041820210896729146
data/Good_png/ID_43.png,1,square_grid,ID_G30_T30,0.18935362151339377,0.13935206665526775,1.0,0.05000155485812602
data/Good_png/ID_5.png,1,square_grid,ID_G27_T25,0.15200270964407195,0.13935206665526775,1.0,0.012650642988804195
data/Good_png/ID_7.png,1,square_grid,ID_G27_T25,0.2425002061593388,0.13935206665526775,1.0,0.10314813950407103
data/Good_png/ID_77.png,1,square_grid,ID_G25_T25,0.12642030480385133,0.13935206665526775,0.0,-0.012931761851416423
data/Bad_png/IDSQR_ (1).png,0,square_grid,IDSQR_G27_T35,0.0562581690347303,0.13935206665526775,0.0,-0.08309389762053745
data/Bad_png/IDSQR_ (100).png,0,square_grid,IDSQR_G30_T30,0.1713546274158851,0.13935206665526775,1.0,0.03200256076061736
data/Bad_png/IDSQR_ (105).png,0,square_grid,IDSQR_G30_T30,0.12957920095155606,0.13935206665526775,0.0,-0.009772865703711692
data/Bad_png/IDSQR_ (11).png,0,square_grid,IDSQR_G27_T35,0.18186674194970873,0.13935206665526775,1.0,0.04251467529444097
data/Bad_png/IDSQR_ (13).png,0,square_grid,IDSQR_G27_T35,0.018336237138797885,0.13935206665526775,0.0,-0.12101582951646987
data/Bad_png/IDSQR_ (15).png,0,square_grid,IDSQR_G27_T35,0.017780215788668553,0.13935206665526775,0.0,-0.1215718508665992
data/Bad_png/IDSQR_ (19).png,0,square_grid,IDSQR_G27_T30,0.10871143861887189,0.13935206665526775,0.0,-0.03064062803639586
data/Bad_png/IDSQR_ (41).png,0,square_grid,IDSQR_G25_T30,0.0014239197171845314,0.13935206665526775,0.0,-0.13792814693808322
data/Bad_png/IDSQR_ (46).png,0,square_grid,IDSQR_G25_T30,0.0989337024197089,0.13935206665526775,0.0,-0.04041836423555885
data/Bad_png/IDSQR_ (48).png,0,square_grid,IDSQR_G25_T30,0.14117542984590012,0.13935206665526775,1.0,0.0018233631906323655
data/Bad_png/IDSQR_ (54).png,0,square_grid,IDSQR_G25_T30,0.01889183197864216,0.13935206665526775,0.0,-0.12046023467662559
data/Bad_png/IDSQR_ (57).png,0,square_grid,IDSQR_G25_T35,0.10650254140556507,0.13935206665526775,0.0,-0.03284952524970268
data/Bad_png/IDSQR_ (59).png,0,square_grid,IDSQR_G25_T35,0.12715073493446358,0.13935206665526775,0.0,-0.012201331720804176
data/Bad_png/IDSQR_ (63).png,0,square_grid,IDSQR_G25_T35,0.12468851490383015,0.13935206665526775,0.0,-0.014663551751437603
data/Bad_png/IDSQR_ (78).png,0,square_grid,IDSQR_G30_T35,0.02211410522686194,0.13935206665526775,0.0,-0.11723796142840581
data/Bad_png/IDSQR_ (83).png,0,square_grid,IDSQR_G30_T35,0.23299095634263498,0.13935206665526775,1.0,0.09363888968736722
data/Bad_png/IDSQR_ (94).png,0,square_grid,IDSQR_G30_T30,0.272107929789915,0.13935206665526775,1.0,0.13275586313464724
data/Bad_png/ID_103.png,0,square_grid,ID_G25_T30,0.07285470294127237,0.13935206665526775,0.0,-0.06649736371399538
data/Bad_png/ID_24.png,0,square_grid,ID_G27_T30,0.09225758814527342,0.13935206665526775,0.0,-0.047094478509994334
data/Bad_png/ID_28.png,0,square_grid,ID_G27_T30,0.04831593822405215,0.13935206665526775,0.0,-0.09103612843121561
data/Bad_png/ID_29.png,0,square_grid,ID_G27_T30,0.019869313666288347,0.13935206665526775,0.0,-0.11948275298897941
data/Bad_png/ID_33.png,0,square_grid,ID_G27_T30,0.0007741104813298351,0.13935206665526775,0.0,-0.13857795617393792
data/Bad_png/ID_57.png,0,square_grid,ID_G30_T25,0.01789500602890304,0.13935206665526775,0.0,-0.12145706062636472
data/Bad_png/ID_72.png,0,square_grid,ID_G30_T25,0.0011708422733931825,0.13935206665526775,0.0,-0.13818122438187458
data/Bad_png/ID_76.png,0,square_grid,ID_G25_T25,0.020732817693210948,0.13935206665526775,0.0,-0.1186192489620568
data/Bad_png/ID_78.png,0,square_grid,ID_G25_T25,0.12927605299703898,0.13935206665526775,0.0,-0.010076013658228772
data/Bad_png/ID_81.png,0,square_grid,ID_G25_T25,0.1311889543604566,0.13935206665526775,0.0,-0.008163112294811148
data/Bad_png/ID_84.png,0,square_grid,ID_G25_T25,0.10992558029102102,0.13935206665526775,0.0,-0.02942648636424673
data/Bad_png/ID_85.png,0,square_grid,ID_G25_T25,0.1608738518502907,0.13935206665526775,1.0,0.021521785195022958
data/Bad_png/ID_87.png,0,square_grid,ID_G25_T25,0.08267706460870171,0.13935206665526775,0.0,-0.056675002046566045
data/Bad_png/ID_9.png,0,square_grid,ID_G27_T25,0.10761011752181561,0.13935206665526775,0.0,-0.031741949133452144
data/Bad_png/ID_93.png,0,square_grid,ID_G25_T30,0.06347609099967685,0.13935206665526775,0.0,-0.0758759756555909
data/Bad_png/ID_95.png,0,square_grid,ID_G25_T30,0.08692726574753931,0.13935206665526775,0.0,-0.05242480090772844
